"#","Question","Hint","Option A","Option B","Option C","Option D","Correct Answer","Rationale"
"1","لتكن المتتالية الحسابية (uₙ)ₙ gₑ ₀ التي حدها الأول u₀ = 5 وأساسها r = 3. ما هو مجموع الحدود العشرة الأولى من هذه المتتالية؟","تذكر قانون مجموع متتالية حسابية الذي يعتمد على الحد الأول، الحد الأخير، وعدد الحدود.","195","155","185","320","C. 185","يتم حساب المجموع باستخدام القانون S = (n)/(2)(u₀ + uₙ₋₁). بما أن الحد العاشر هو u₉ = 5 + 9(3) = 32، فإن المجموع هو ¹⁰⁄₂(5 + 32) = 185."
"2","إذا كانت المتتالية (uₙ)ₙ gₑ ₀ معرفة وفق uₙ = (2n - 1)/(n + 4). ادرس جهة اطراد هذه المتتالية بدءاً من n=0.","فكر في دراسة التابع المرتبط f(x) وحساب مشتقته لتحديد جهة الاطراد.","متناقصة تماماً","متزايدة تماماً","غير مطردة","ثابتة","B. متزايدة تماماً","عند دراسة إشارة الفرق uₙ₊₁ - uₙ أو دراسة مشتق التابع المرتبط f(x) = (2x-1)/(x+4)، نجد أن المشتق هو f'(x) = (9)/((x+4)²) وهو موجب دائماً."
"3","في الإثبات بالتدريج لخاصة ما E(n)، ما هي الخطوة الحاسمة التي نثبت فيها صحة القضية لجميع القيم؟","تذكر تشبيه السلم؛ للوصول إلى أي درجة، يجب أن نتمكن من الانتقال من درجة إلى التي تليها.","حساب قيمة E(100) للتأكد من استمراريتها","افتراض أن القضية خاطئة ومحاولة إيجاد تناقض","إثبات أن صحة E(p) تقتضي صحة E(p+1) لأي p ≥ n₀","التحقق من صحة E(n₀) فقط","C. إثبات أن صحة E(p) تقتضي صحة E(p+1) لأي p ≥ n₀","هذه الخطوة هي جوهر الاستقراء الرياضي، حيث نثبت انتقال الصفة من حد إلى الحد الذي يليه مباشرة."
"4","أوجد نهاية التابع f(x) = (5x³ - 3x - 1)/(8x⁴ - 12x² + 5x) عندما x تسعى إلى +∞.","قارن بين أعلى أس في البسط وأعلى أس في المقام عند دراسة النهاية في اللانهاية.","0","-∞","⅝","+∞","A. 0","في التوابع الكسرية المسيطرة عند اللانهاية، إذا كانت درجة المقام أكبر من درجة البسط، فإن النهاية تكون صفراً."
"5","لتكن المتتالية الهندسية (uₙ)ₙ gₑ ₀ أساسها q=2 وحدها الأول u₀=3. ما هي قيمة الحد u₅؟","استخدم صيغة الحد العام للمتتالية الهندسية التي تتضمن الرفع إلى القوة n.","48","15","96","30","C. 96","باستخدام قانون الحد العام للمتتالية الهندسية uₙ = u₀ · qⁿ، نجد أن u₅ = 3 · 2⁵ = 3 · 32 = 96."
"6","ما هو ميل المماس للتابع f(x) = x² + 3x + 1 عند النقطة التي فاصلتها x = 1؟","ميل المماس لمنحنى تابع عند نقطة هو قيمة المشتق الأول لذلك التابع عند فاصلة تلك النقطة.","3","1","2","5","D. 5","ميل المماس هو قيمة المشتق عند النقطة المعطاة؛ f'(x) = 2x + 3 وبالتعويض بـ x=1 نحصل على 2(1) + 3 = 5."
"7","عند دراسة نهاية التابع f(x) = (sin x)/(x) عندما تسعى x إلى +∞، أي مبرهنة نستخدم؟","تذكر أن التوابع المثلثية مثل sin و cos هي توابع محصورة بين قيمتين ثابتتين.","التعويض المباشر","مبرهنة تعريف المشتق","مبرهنة القيمة الوسطى","مبرهنة الإحاطة (المقارنة)","D. مبرهنة الإحاطة (المقارنة)","بما أن -1 ≤ sin x ≤ 1، فإننا نحصر التابع بين -1/x و 1/x اللذين يسعيان للصفر عند اللانهاية."
"8","إذا كان للمنحنى Cf مقارب مائل معادلته y = ax + b عند +∞، فماذا تساوي limₓ \ₜₒ ₊\ᵢₙfₜy (f(x) - (ax + b))؟","فكر في معنى كلمة 'مقارب' هندسياً وكيف تتصرف المسافة بين المنحنى والمستقيم.","+∞","0","قيمة ثابتة c ≠ 0","1","B. 0","تعريف المقارب المائل ينص على أن المسافة العمودية بين المنحنى والمستقيم تؤول إلى الصفر عندما يبتعد x إلى اللانهاية."
"9","ما هو مشتق التابع المركب h(x) = (f(x))ⁿ؟","تذكر قاعدة السلسلة (Chain Rule) التي تتطلب اشتقاق 'الغلاف' الخارجي ثم 'اللب' الداخلي.","n · (f(x))ⁿ⁻¹ · f'(x)","(f'(x))ⁿ⁻¹","f'(x)ⁿ","n · (f(x))ⁿ⁻¹","A. n · (f(x))ⁿ⁻¹ · f'(x)","هذا هو قانون اشتقاق القوة لتابع، حيث نضرب في الأس ونطرح منه واحداً ثم نضرب في مشتق ما داخل القوة."
"10","أي من الحالات التالية تسمى 'حالة عدم تعيين' عند حساب النهايات؟","ابحث عن العمليات التي لا يمكن التنبؤ بنتيجتها مباشرة دون دراسة إضافية.","∞ + ∞","(0)/(∞)","(∞)/(0)","(∞)/(∞)","D. (∞)/(∞)","تعتبر هذه الحالة عدم تعيين لأن النتيجة تعتمد على سرعة نمو كل من البسط والمقام."
"11","لتكن المتتالية uₙ₊₁ = √(2 + uₙ) مع u₀ = 1. أثبت بالتدريج أن uₙ < 2 لجميع n ≥ 0. ما هي الخطوة الصحيحة لإثبات الانتقال من p إلى p+1؟","استخدم علاقة التراجع المعطاة وحاول بناء uₚ₊₁ انطلاقاً من الفرضية uₚ.","نعوض n=0 و n=1 ونكتفي بذلك","نطرح uₚ من الطرفين لنحصل على القيمة المطلوبة","نربع الطرفين أولاً قبل البدء بالفرضية","نبدأ من الفرض uₚ < 2 ثم نضيف 2 للطرفين ونجذر","D. نبدأ من الفرض uₚ < 2 ثم نضيف 2 للطرفين ونجذر","بما أن uₚ < 2 فإن 2+uₚ < 4 وبأخذ الجذر التربيعي للطرفين نجد أن √(2+uₚ) < √(4) أي uₚ₊₁ < 2."
"12","إذا كان f تابعاً مستمراً على المجال [a, b] وكان f(a) · f(b) < 0، فماذا نستنتج حسب مبرهنة القيمة الوسطى؟","فكر فيما يحدث لمنحنى تابع عندما ينتقل من تحت محور الفواصل إلى فوقه دون انقطاع.","التابع غير معرف عند النقطة المنتصف","التابع متزايد تماماً على المجال","يوجد على الأقل جذر c في المجال ]a, b[ يحقق f(c) = 0","التابع يمتلك قيمة كبرى محليا فقط","C. يوجد على الأقل جذر c في المجال ]a, b[ يحقق f(c) = 0","تغير إشارة التابع المستمر بين طرفي مجال يضمن مروره بالقيمة صفر مرة واحدة على الأقل."
"13","ما هي نهاية المتتالية uₙ = (0.5)ⁿ + 3 عندما تسعى n إلى +∞؟","تذكر سلوك المتتالية الهندسية qⁿ عندما يكون |q| < 1.","3","∞","غير موجودة","صفر","A. 3","بما أن الأساس 0.5 محصور بين -1 و 1، فإن القوة (0.5)ⁿ تسعى للصفر عند اللانهاية، فيبقى الثابت 3."
"14","أوجد مشتق التابع f(x) = ln(x² + 1).","استخدم قانون اشتقاق التابع اللوغاريتمي (ln u)' = (u')/(u).","(1)/(x²)","(2x)/(x² + 1)","2x · ln(x² + 1)","(1)/(x² + 1)","B. (2x)/(x² + 1)","قاعدة اشتقاق اللوغاريتم الطبيعي هي مشتق ما داخل اللوغاريتم مقسوماً على ما داخله: u'/u."
"15","لتكن المتتالية uₙ = 1 + ½ + ¼ + … + (1)/(2ⁿ). ما هي نهاية هذه المتتالية عندما n → ∞؟","طبق قانون مجموع المتتالية الهندسية ثم احسب نهاية هذا المجموع.","2","1.5","∞","1","A. 2","هذا مجموع حدود متتالية هندسية أساسها 1/2. المجموع هو Sₙ = frac1 - (1/2)ⁿ⁺¹1 - 1/2 ونهايته هي 1/(1/2) = 2."
"16","ما هو المقارب الأفقي لتابع f إذا كانت limₓ \ₜₒ ₋\ᵢₙfₜy f(x) = 4؟","تذكر الفرق بين معادلة المستقيم الأفقي (y=c) والمستقيم الشاقولي (x=c).","لا يوجد مقارب أفقي","المستقيم x = 4","المستقيم y = -4","المستقيم y = 4","D. المستقيم y = 4","تعريف المقارب الأفقي هو مستقيم معادلته y = L حيث L هي نهاية التابع عند اللانهاية."
"17","ما هو مشتق التابع الأسي f(x) = e⁻³ˣ؟","طبق قاعدة اشتقاق التوابع الأسية المركبة (eᵘ)' = u' eᵘ.","-3e⁻³ˣ","-3x · e⁻³ˣ⁻¹","e⁻³ˣ","(1)/(-3)e⁻³ˣ","A. -3e⁻³ˣ","مشتق التابع الأسي eᵘ هو u' · eᵘ. هنا u = -3x ومشتقه -3."
"18","إذا كانت المتتالية (uₙ) متزايدة ومحدودة من الأعلى، فماذا يمكننا القول عن تقاربها؟","استند إلى مبرهنات التقارب الأساسية للمتتاليات المطردة والمحدودة.","متقاربة نحو الصفر دائماً","متباعدة نحو +∞","تذبذبية ليس لها نهاية","متقاربة حتماً","D. متقاربة حتماً","حسب مبرهنة تقارب المتتاليات المطردة، كل متتالية متزايدة ومحدودة من الأعلى هي متتالية متقاربة."
"19","أوجد قيمة النهاية limₓ \ₜₒ ₀ (eˣ - 1)/(x).","فكر في تعريف العدد المشتق للتابع f(x) = eˣ عند النقطة x=0.","∞","0","1","e","C. 1","هذه نهاية شهيرة تمثل تعريف مشتق التابع eˣ عند الصفر، وقيمة مشتق eˣ هو نفسه، وعند الصفر يساوي e⁰ = 1."
"20","لتكن المتتالية (uₙ) معرفة بالعلاقة uₙ = n². هل هذه المتتالية حسابية؟","تحقق من ثبات الفرق بين أي حدين متتاليين للحكم على نوع المتتالية.","نعم، وأساسها 2","نعم، لأنها تتبع نمطاً مربعاً","لا، لأن الفرق uₙ₊₁ - uₙ ليس ثابتاً","لا، لأنها متتالية هندسية","C. لا، لأن الفرق uₙ₊₁ - uₙ ليس ثابتاً","الفرق هو (n+1)² - n² = 2n + 1، وهو يعتمد على n وليس قيمة ثابتة."
"21","أثبت بالتدريج أن المجموع Sₙ = 1² + 2² + … + n² = (n(n+1)(2n+1))/(6). إذا افترضنا صحة العلاقة لـ n=p، فما هو المقدار الذي يجب إضافته للطرفين لإثبات صحتها لـ n=p+1؟","انظر إلى طبيعة الحدود في المجموع Sₙ وحدد شكل الحد الذي يلي n².","(p+1)³","p+1","((p+1)(p+2)(2p+3))/(6)","(p+1)²","D. (p+1)²","للانتقال من مجموع p حد إلى مجموع p+1 حد، يجب إضافة الحد التالي في السلسلة وهو (p+1)²."
"22","ليكن التابع f(x) = x + ln x المعرف على ]0, +∞[. أوجد معادلة المقارب الشاقولي لهذا التابع.","ابحث عن القيمة التي تجعل نهاية التابع تؤول إلى اللانهاية.","x = 1","y = x","x = 0","لا يوجد مقارب شاقولي","C. x = 0","عندما تسعى x إلى 0 من اليمين، فإن ln x تسعى إلى -∞، مما يجعل x=0 مقارباً شاقولياً."
"23","احسب المشتق الثاني f''(x) للتابع f(x) = e²ˣ.","كرر عملية اشتقاق التابع الأسي مرتين متتاليتين.","4e²ˣ","2e²ˣ","e²ˣ","4x²e²ˣ","A. 4e²ˣ","المشتق الأول هو 2e²ˣ، وباشتقاقه مرة أخرى نضرب مجدداً في معامل الأس 2 فنحصل على 4e²ˣ."
"24","أوجد نهاية f(x) = √(x² + 1) - x عندما تسعى x إلى +∞.","استخدم طريقة الضرب والقسمة على المرافق لإزالة حالة عدم التعيين ∞ - ∞.","0","-1","∞","1","A. 0","بضرب المقدار بمرافقه، نحصل على 1/(√(x²+1) + x)، وبما أن المقام يسعى للانهاية فإن الكسر يسعى للصفر."
"25","في دراسة تغيرات التابع f(x) = (ln x)/(x) على ]0, +∞[، أين يبلغ التابع قيمته الكبرى؟","ادرس إشارة المشتق f'(x) وابحث عن القيمة التي تجعله مساوياً للصفر.","عند النقطة x = e","عند النقطة x = 1","ليس للتابع قيمة كبرى","عند النقطة x = 0","A. عند النقطة x = e","المشتق هو f'(x) = (1 - ln x)/(x²). ينعدم المشتق عند 1 - ln x = 0 أي x = e."
"26","إذا كانت المتتاليتان (uₙ) و (vₙ) متجاورتين، فما هي الخاصية التي تجمع بينهما؟","فكر في كيفية اقتراب المتتاليتين من بعضهما البعض من جهتين مختلفتين.","مجموعهما يساوي صفراً لجميع قيم n","إحداهما متزايدة والأخرى متناقصة، ونهاية فرقهما صفر","كلاهما متزايدتان تماماً نحو اللانهاية","لهما نفس الأساس دائماً","B. إحداهما متزايدة والأخرى متناقصة، ونهاية فرقهما صفر","هذا هو التعريف الدقيق للمتتاليات المتجاورة، وهو ما يضمن تقاربهما لنفس النهاية."
"27","أوجد قيمة النهاية limₓ \ₜₒ \ᵢₙfₜy (x²)/(eˣ).","تذكر مبرهنات التزايد المقارن بين التوابع الحدودية والتوابع الأسية.","2","0","1","∞","B. 0","حسب تزايد المقارن، التابع الأسي ينمو بسرعة أكبر بكثير من أي تابع قوى xⁿ عند اللانهاية."
"28","ليكن التابع f(x) = √(4x + 1). أوجد المشتق f'(x).","استخدم قانون مشتق التابع الجذري (√(u))' = fracu'2√(u).","frac12√(4x + 1)","2√(4x + 1)","frac4√(4x + 1)","frac2√(4x + 1)","D. frac2√(4x + 1)","مشتق الجذر هو مشتق ما تحت الجذر مقسوماً على ضعفي الجذر: 4 / (2√(4x+1)) = 2 / √(4x+1)."
"29","بفرض uₙ₊₁ = 10uₙ - 18 و u₀ = 7. إذا علمنا أن uₙ = 5 · 10ⁿ + 2 لجميع n ≥ 0. فما هي قيمة u₂؟","يمكنك التعويض مباشرة في الصيغة الصريحة لـ uₙ المعطاة في السؤال.","5002","70","52","502","D. 502","بالتعويض في الصيغة الصريحة: u₂ = 5 · 10² + 2 = 500 + 2 = 502."
"30","أوجد نهاية f(x) = x² · e⁻ˣ عندما x → +∞.","أعد كتابة التابع بأس موجب في المقام لتطبيق مبرهنات التزايد المقارن.","0","1","e","+∞","A. 0","يمكن كتابة التابع بشكل x² / eˣ. وحسب مبرهنة التزايد المقارن، فإن النهاية عند +∞ هي صفر."